IV_Name,IV_Value,Trial,Prob_Cop_After_Cop,Prob_Cop_After_Def
mutationStddev,0.001,0,0.06659105000000001,0.078496
mutationStddev,0.001,1,0.06328835000000001,0.03302595
mutationStddev,0.001,2,0.1821159,0.14677460000000003
mutationStddev,0.001,3,0.26230005,0.14466070000000003
mutationStddev,0.001,4,0.8633684500000001,0.24220345000000001
mutationStddev,0.001,5,0.25001894999999996,0.06511999999999998
mutationStddev,0.001,6,0.26400789999999996,0.0630047
mutationStddev,0.001,7,0.1514119,0.09933415
mutationStddev,0.001,8,0.16771640000000002,0.15837555000000003
mutationStddev,0.001,9,0.56538185,0.0689911
mutationStddev,0.001,10,0.05987689999999999,0.01224925
mutationStddev,0.001,11,0.9142621499999999,0.13974625000000002
mutationStddev,0.001,12,0.07890344999999999,0.0779445
mutationStddev,0.001,13,0.13323600000000002,0.19241625
mutationStddev,0.001,14,0.048255950000000006,0.0109248
mutationStddev,0.0,0,0.51929655,0.07912475
mutationStddev,0.0,1,0.08476175,0.023351
mutationStddev,0.0,2,0.22840790000000002,0.13877415
mutationStddev,0.0,3,0.17180979999999998,0.17428530000000003
mutationStddev,0.0,4,0.17514245,0.20229185
mutationStddev,0.0,5,0.40588309999999994,0.0604325
mutationStddev,0.0,6,0.27695024999999995,0.08539179999999998
mutationStddev,0.0,7,0.08359740000000002,0.01258
mutationStddev,0.0,8,0.15338435,0.12237105
mutationStddev,0.0,9,0.31765455,0.019031200000000005
mutationStddev,0.0,10,0.27139345,0.06351934999999999
mutationStddev,0.0,11,0.199473,0.16240870000000002
mutationStddev,0.0,12,0.6023322,0.05881804999999999
mutationStddev,0.0,13,0.034924550000000006,0.11046524999999999
mutationStddev,0.0,14,0.01272825,0.14321864999999998
mutationStddev,0.003,0,0.014633200000000002,0.20439774999999996
mutationStddev,0.003,1,0.0337397,0.08397174999999998
mutationStddev,0.003,2,0.90558885,0.1780131
mutationStddev,0.003,3,0.1907139,0.02123705
mutationStddev,0.003,4,0.0993491,0.060128650000000006
mutationStddev,0.003,5,0.6393661500000001,0.04454319999999999
mutationStddev,0.003,6,0.39466239999999997,0.08300365
mutationStddev,0.003,7,0.21025955000000002,0.30019485
mutationStddev,0.003,8,0.18037034999999998,0.01482715
mutationStddev,0.003,9,0.1257782,0.05767660000000001
mutationStddev,0.003,10,0.8454429500000001,0.11082285
mutationStddev,0.003,11,0.1555593,0.0615549
mutationStddev,0.003,12,0.3229243,0.06232995
mutationStddev,0.003,13,0.9450520499999999,0.05067075
mutationStddev,0.003,14,0.04534225000000001,0.07788175
mutationStddev,0.002,0,0.36026009999999997,0.018936
mutationStddev,0.002,1,0.08946925000000001,0.02870565
mutationStddev,0.002,2,0.12271809999999998,0.07136975000000001
mutationStddev,0.002,3,0.051322400000000004,0.024031749999999998
mutationStddev,0.002,4,0.024130000000000002,0.06750525
mutationStddev,0.002,5,0.82549735,0.07333655
mutationStddev,0.002,6,0.13378360000000003,0.0149403
mutationStddev,0.002,7,0.1106937,0.33558279999999996
mutationStddev,0.002,8,0.32316795,0.08910745
mutationStddev,0.002,9,0.13330844999999997,0.1979755
mutationStddev,0.002,10,0.2832182,0.038500599999999996
mutationStddev,0.002,11,0.27888255000000006,0.1127489
mutationStddev,0.002,12,0.20199024999999998,0.0307674
mutationStddev,0.002,13,0.0770064,0.08747749999999999
mutationStddev,0.002,14,0.055492950000000006,0.018875350000000003
mutationStddev,0.006,0,0.15422854999999996,0.0637364
mutationStddev,0.006,1,0.1404458,0.03635165
mutationStddev,0.006,2,0.03219145,0.07272585000000001
mutationStddev,0.006,3,0.08096469999999999,0.13612705
mutationStddev,0.006,4,0.8000349999999999,0.0945668
mutationStddev,0.006,5,0.24842440000000005,0.06356075
mutationStddev,0.006,6,0.05346005,0.06454585
mutationStddev,0.006,7,0.35436654999999995,0.025132899999999996
mutationStddev,0.006,8,0.9693136500000001,0.13266145000000001
mutationStddev,0.006,9,0.09277375000000002,0.0188867
mutationStddev,0.006,10,0.39681069999999996,0.21191120000000002
mutationStddev,0.006,11,0.9657965999999998,0.08390955000000001
mutationStddev,0.006,12,0.12159995000000001,0.1238484
mutationStddev,0.006,13,0.10239225,0.031130249999999998
mutationStddev,0.006,14,0.94895,0.1636942
mutationStddev,0.004,0,0.03029895,0.01919245
mutationStddev,0.004,1,0.25222890000000003,0.0670017
mutationStddev,0.004,2,0.28738159999999996,0.17494245
mutationStddev,0.004,3,0.37695739999999994,0.11584979999999998
mutationStddev,0.004,4,0.9090173499999998,0.31271205
mutationStddev,0.004,5,0.31364500000000006,0.0705566
mutationStddev,0.004,6,0.69361645,0.08786465000000002
mutationStddev,0.004,7,0.18108375000000004,0.0276951
mutationStddev,0.004,8,0.0762393,0.028449349999999995
mutationStddev,0.004,9,0.85312575,0.08648275000000001
mutationStddev,0.004,10,0.0432789,0.0354298
mutationStddev,0.004,11,0.32404430000000006,0.14254475
mutationStddev,0.004,12,0.59378525,0.1051908
mutationStddev,0.004,13,0.23773035,0.035373100000000005
mutationStddev,0.004,14,0.14968224999999996,0.024965499999999998
mutationStddev,0.005,0,0.9786461000000001,0.07593735000000001
mutationStddev,0.005,1,0.0406839,0.082371
mutationStddev,0.005,2,0.16439759999999998,0.1041026
mutationStddev,0.005,3,0.0956692,0.11112079999999999
mutationStddev,0.005,4,0.16710280000000002,0.0919507
mutationStddev,0.005,5,0.1881112,0.1483144
mutationStddev,0.005,6,0.05095620000000001,0.029521949999999998
mutationStddev,0.005,7,0.4410311,0.07708164999999999
mutationStddev,0.005,8,0.03614289999999999,0.18121810000000002
mutationStddev,0.005,9,0.283527,0.11933495000000002
mutationStddev,0.005,10,0.22702080000000002,0.12391360000000003
mutationStddev,0.005,11,0.1187494,0.03188455
mutationStddev,0.005,12,0.10590035,0.09678165
mutationStddev,0.005,13,0.6370428499999999,0.1098463
mutationStddev,0.005,14,0.023410149999999998,0.025791200000000004
mutationStddev,0.008,0,0.2028783,0.0336269
mutationStddev,0.008,1,0.25035075000000007,0.056554199999999985
mutationStddev,0.008,2,0.11599014999999999,0.04082365
mutationStddev,0.008,3,0.21648269999999997,0.03902445
mutationStddev,0.008,4,0.032518649999999996,0.10431005
mutationStddev,0.008,5,0.2376579,0.0307362
mutationStddev,0.008,6,0.44723559999999996,0.13062529999999997
mutationStddev,0.008,7,0.17302560000000003,0.053235199999999996
mutationStddev,0.008,8,0.06742975000000001,0.08761034999999999
mutationStddev,0.008,9,0.19340459999999998,0.030840600000000006
mutationStddev,0.008,10,0.9560774000000001,0.10429000000000002
mutationStddev,0.008,11,0.0958132,0.19435470000000002
mutationStddev,0.008,12,0.4923542500000001,0.07607625000000001
mutationStddev,0.008,13,0.37113055,0.0885459
mutationStddev,0.008,14,0.43431285,0.0660719
mutationStddev,0.007,0,0.0564249,0.06810920000000001
mutationStddev,0.007,1,0.31477940000000004,0.1145766
mutationStddev,0.007,2,0.4940761,0.09326659999999999
mutationStddev,0.007,3,0.09316454999999998,0.021034200000000003
mutationStddev,0.007,4,0.0517686,0.045709999999999994
mutationStddev,0.007,5,0.3746561,0.09664545000000001
mutationStddev,0.007,6,0.94681825,0.11429340000000002
mutationStddev,0.007,7,0.46265930000000005,0.10278155
mutationStddev,0.007,8,0.19672205000000004,0.0577036
mutationStddev,0.007,9,0.22688830000000001,0.04809795
mutationStddev,0.007,10,0.08688249999999999,0.06661720000000002
mutationStddev,0.007,11,0.06941304999999999,0.08958084999999999
mutationStddev,0.007,12,0.025700800000000003,0.04498755
mutationStddev,0.007,13,0.10164275,0.032952550000000004
mutationStddev,0.007,14,0.13831050000000003,0.12106760000000001
mutationStddev,0.009000000000000001,0,0.07224850000000001,0.0410748
mutationStddev,0.009000000000000001,1,0.08747665,0.06575775000000002
mutationStddev,0.009000000000000001,2,0.1865875,0.19923715000000003
mutationStddev,0.009000000000000001,3,0.041996849999999995,0.0596804
mutationStddev,0.009000000000000001,4,0.2233174,0.05947519999999999
mutationStddev,0.009000000000000001,5,0.09285480000000002,0.029742949999999997
mutationStddev,0.009000000000000001,6,0.23475845,0.09040455
mutationStddev,0.009000000000000001,7,0.10701205,0.051388750000000004
mutationStddev,0.009000000000000001,8,0.10104575,0.09204854999999998
mutationStddev,0.009000000000000001,9,0.2016345,0.059392
mutationStddev,0.009000000000000001,10,0.10357279999999999,0.13463284999999997
mutationStddev,0.009000000000000001,11,0.49916230000000006,0.1694771
mutationStddev,0.009000000000000001,12,0.16245960000000004,0.0661786
mutationStddev,0.009000000000000001,13,0.16208645000000002,0.025005449999999995
mutationStddev,0.009000000000000001,14,0.43762154999999997,0.12011335000000001
mutationStddev,0.01,0,0.06939290000000001,0.04304065
mutationStddev,0.01,1,0.16809625,0.0378519
mutationStddev,0.01,2,0.27673075,0.07558034999999999
mutationStddev,0.01,3,0.06591785,0.12446065000000002
mutationStddev,0.01,4,0.14573695,0.0352299
mutationStddev,0.01,5,0.20055545000000002,0.037145
mutationStddev,0.01,6,0.9122707,0.21769095000000002
mutationStddev,0.01,7,0.43908735,0.117123
mutationStddev,0.01,8,0.0688617,0.03590719999999999
mutationStddev,0.01,9,0.27779195,0.0674882
mutationStddev,0.01,10,0.20629875000000003,0.03185685
mutationStddev,0.01,11,0.8797094999999999,0.14595925
mutationStddev,0.01,12,0.11310024999999999,0.035316999999999994
mutationStddev,0.01,13,0.43484375000000003,0.10021565000000002
mutationStddev,0.01,14,0.10585559999999998,0.049548699999999994
mutationStddev,0.011,0,0.9741174000000001,0.059923149999999994
mutationStddev,0.011,1,0.20034435,0.06286669999999998
mutationStddev,0.011,2,0.9344895999999998,0.17887715
mutationStddev,0.011,3,0.42648830000000004,0.07600644999999999
mutationStddev,0.011,4,0.96524885,0.20946344999999997
mutationStddev,0.011,5,0.1541581,0.0992788
mutationStddev,0.011,6,0.2186055,0.06919345
mutationStddev,0.011,7,0.37279715,0.08783705
mutationStddev,0.011,8,0.27092825,0.04246395
mutationStddev,0.011,9,0.07681464999999998,0.0555264
mutationStddev,0.011,10,0.20338915000000002,0.07246129999999999
mutationStddev,0.011,11,0.9418004999999999,0.26445949999999996
mutationStddev,0.011,12,0.96380535,0.22383855000000002
mutationStddev,0.011,13,0.13304295,0.07910740000000001
mutationStddev,0.011,14,0.08797940000000001,0.0687705
mutationStddev,0.012,0,0.0843305,0.0501533
mutationStddev,0.012,1,0.9119057500000001,0.41954895
mutationStddev,0.012,2,0.08947815,0.0529554
mutationStddev,0.012,3,0.11433440000000002,0.04152245
mutationStddev,0.012,4,0.2128384,0.062307999999999995
mutationStddev,0.012,5,0.1560672,0.0566532
mutationStddev,0.012,6,0.21538420000000005,0.04599425
mutationStddev,0.012,7,0.15016919999999997,0.08077295
mutationStddev,0.012,8,0.0647794,0.0767148
mutationStddev,0.012,9,0.21816595,0.06551860000000001
mutationStddev,0.012,10,0.96406165,0.08197465
mutationStddev,0.012,11,0.08222940000000001,0.052194649999999995
mutationStddev,0.012,12,0.28274334999999995,0.068117
mutationStddev,0.012,13,0.96433845,0.1479675
mutationStddev,0.012,14,0.08442675,0.05065974999999999
mutationStddev,0.013000000000000001,0,0.0728155,0.0728224
mutationStddev,0.013000000000000001,1,0.07992629999999999,0.0652568
mutationStddev,0.013000000000000001,2,0.6598019500000001,0.20648870000000003
mutationStddev,0.013000000000000001,3,0.07890565000000001,0.05266059999999999
mutationStddev,0.013000000000000001,4,0.8134024,0.21724749999999998
mutationStddev,0.013000000000000001,5,0.14612545,0.05206970000000001
mutationStddev,0.013000000000000001,6,0.21345725,0.06366325
mutationStddev,0.013000000000000001,7,0.056423,0.0557699
mutationStddev,0.013000000000000001,8,0.09918305,0.054649600000000007
mutationStddev,0.013000000000000001,9,0.2169727,0.0828063
mutationStddev,0.013000000000000001,10,0.06757505,0.13727275
mutationStddev,0.013000000000000001,11,0.21447855,0.0487661
mutationStddev,0.013000000000000001,12,0.25409210000000004,0.0845196
mutationStddev,0.013000000000000001,13,0.1765742,0.05389695
mutationStddev,0.013000000000000001,14,0.08687220000000001,0.045312250000000005
mutationStddev,0.014,0,0.3302632,0.08489525
mutationStddev,0.014,1,0.06258,0.0761804
mutationStddev,0.014,2,0.9024936499999999,0.3073045
mutationStddev,0.014,3,0.06092570000000001,0.043934650000000006
mutationStddev,0.014,4,0.13826259999999999,0.05667905000000001
mutationStddev,0.014,5,0.1431868,0.0525537
mutationStddev,0.014,6,0.1262681,0.039444099999999996
mutationStddev,0.014,7,0.17221260000000002,0.0648161
mutationStddev,0.014,8,0.48690975,0.1530649
mutationStddev,0.014,9,0.0931239,0.08638799999999999
mutationStddev,0.014,10,0.23852294999999998,0.056597549999999996
mutationStddev,0.014,11,0.3422257,0.08457510000000001
mutationStddev,0.014,12,0.7921191000000001,0.19795920000000003
mutationStddev,0.014,13,0.1695952,0.0384907
mutationStddev,0.014,14,0.2680966,0.0937504
mutationStddev,0.015,0,0.405349,0.09956989999999999
mutationStddev,0.015,1,0.18662625,0.0837196
mutationStddev,0.015,2,0.08217595,0.0322641
mutationStddev,0.015,3,0.9526166,0.15812145000000002
mutationStddev,0.015,4,0.08362510000000001,0.044097899999999995
mutationStddev,0.015,5,0.14684484999999997,0.0634913
mutationStddev,0.015,6,0.06302719999999999,0.0449721
mutationStddev,0.015,7,0.0848101,0.07646890000000002
mutationStddev,0.015,8,0.13175025,0.0558754
mutationStddev,0.015,9,0.1718538,0.0382115
mutationStddev,0.015,10,0.21972775000000003,0.049704950000000005
mutationStddev,0.015,11,0.09714199999999999,0.061225450000000015
mutationStddev,0.015,12,0.13544970000000003,0.04822895
mutationStddev,0.015,13,0.03940300000000001,0.0390417
mutationStddev,0.015,14,0.1722588,0.064814
mutationStddev,0.017,0,0.1000887,0.055236350000000004
mutationStddev,0.017,1,0.18418305,0.10381359999999999
mutationStddev,0.017,2,0.15730459999999996,0.041749699999999994
mutationStddev,0.017,3,0.15334419999999999,0.06342550000000001
mutationStddev,0.017,4,0.07432715000000001,0.04936915
mutationStddev,0.017,5,0.12506915,0.0518433
mutationStddev,0.017,6,0.08704959999999999,0.043226650000000005
mutationStddev,0.017,7,0.36559844999999996,0.11823620000000001
mutationStddev,0.017,8,0.87583175,0.20492359999999996
mutationStddev,0.017,9,0.1976707,0.05959549999999999
mutationStddev,0.017,10,0.09306325,0.0529342
mutationStddev,0.017,11,0.3542484,0.066627
mutationStddev,0.017,12,0.1455762,0.12133110000000003
mutationStddev,0.017,13,0.94065015,0.1465093
mutationStddev,0.017,14,0.07980269999999999,0.06570555
mutationStddev,0.016,0,0.19181345,0.0632653
mutationStddev,0.016,1,0.32373645,0.0637994
mutationStddev,0.016,2,0.8402063,0.1849911
mutationStddev,0.016,3,0.09559600000000001,0.04724389999999999
mutationStddev,0.016,4,0.8757500500000001,0.20102235
mutationStddev,0.016,5,0.16957224999999998,0.04419715
mutationStddev,0.016,6,0.1700047,0.08206105
mutationStddev,0.016,7,0.45851485,0.18380915
mutationStddev,0.016,8,0.19863204999999998,0.0904394
mutationStddev,0.016,9,0.22655259999999994,0.06526605
mutationStddev,0.016,10,0.3561982,0.19700925
mutationStddev,0.016,11,0.07408065000000001,0.053107450000000014
mutationStddev,0.016,12,0.30594635000000003,0.0876838
mutationStddev,0.016,13,0.17314704999999997,0.0620574
mutationStddev,0.016,14,0.05908790000000001,0.055570999999999995
mutationStddev,0.018000000000000002,0,0.8222027500000001,0.28975164999999997
mutationStddev,0.018000000000000002,1,0.08970215000000001,0.045399449999999994
mutationStddev,0.018000000000000002,2,0.06754759999999999,0.0463885
mutationStddev,0.018000000000000002,3,0.3784349000000001,0.15465834999999997
mutationStddev,0.018000000000000002,4,0.13788995,0.0653647
mutationStddev,0.018000000000000002,5,0.1498978,0.06895375000000001
mutationStddev,0.018000000000000002,6,0.1414937,0.0690398
mutationStddev,0.018000000000000002,7,0.15890880000000002,0.04640694999999999
mutationStddev,0.018000000000000002,8,0.9351315999999998,0.2663879999999999
mutationStddev,0.018000000000000002,9,0.07884840000000001,0.06025509999999999
mutationStddev,0.018000000000000002,10,0.07933845,0.046715450000000006
mutationStddev,0.018000000000000002,11,0.1996362,0.05373715000000001
mutationStddev,0.018000000000000002,12,0.22332375000000004,0.05903625000000001
mutationStddev,0.018000000000000002,13,0.07438555,0.0432293
mutationStddev,0.018000000000000002,14,0.08606645,0.07773179999999999
mutationStddev,0.019,0,0.13900324999999997,0.038785450000000006
mutationStddev,0.019,1,0.0940437,0.05440045
mutationStddev,0.019,2,0.0723025,0.04648445
mutationStddev,0.019,3,0.15475160000000002,0.0416979
mutationStddev,0.019,4,0.09715605000000001,0.059756750000000004
mutationStddev,0.019,5,0.9363551000000001,0.23582795
mutationStddev,0.019,6,0.05998264999999999,0.07701880000000001
mutationStddev,0.019,7,0.047366349999999995,0.0400377
mutationStddev,0.019,8,0.0849041,0.059585650000000004
mutationStddev,0.019,9,0.07120615000000001,0.11173344999999998
mutationStddev,0.019,10,0.15755525,0.05161149999999999
mutationStddev,0.019,11,0.09979795,0.0540412
mutationStddev,0.019,12,0.0995936,0.07611735
mutationStddev,0.019,13,0.2725824,0.07155955
mutationStddev,0.019,14,0.07719889999999999,0.0418511
mutationStddev,0.02,0,0.07595255,0.0607386
mutationStddev,0.02,1,0.0705824,0.051871299999999995
mutationStddev,0.02,2,0.0958452,0.054360549999999994
mutationStddev,0.02,3,0.48417069999999995,0.14695865000000002
mutationStddev,0.02,4,0.08740214999999998,0.0471487
mutationStddev,0.02,5,0.9025947499999999,0.26835784999999995
mutationStddev,0.02,6,0.13622895,0.05766765
mutationStddev,0.02,7,0.09349625,0.06378700000000001
mutationStddev,0.02,8,0.09050699999999999,0.06625095
mutationStddev,0.02,9,0.1005805,0.06344754999999999
mutationStddev,0.02,10,0.9372118500000001,0.23828674999999996
mutationStddev,0.02,11,0.18277275000000004,0.08457800000000001
mutationStddev,0.02,12,0.09445375,0.055038
mutationStddev,0.02,13,0.07877595000000001,0.06620055000000001
mutationStddev,0.02,14,0.11851344999999999,0.10092645
mutationStddev,0.021,0,0.9395230000000001,0.1930698
mutationStddev,0.021,1,0.09646049999999999,0.058062950000000016
mutationStddev,0.021,2,0.1396867,0.09293015
mutationStddev,0.021,3,0.10690115,0.0613452
mutationStddev,0.021,4,0.1027134,0.06249845000000002
mutationStddev,0.021,5,0.12026985000000001,0.08126225
mutationStddev,0.021,6,0.90390715,0.53872185
mutationStddev,0.021,7,0.0930483,0.07611219999999999
mutationStddev,0.021,8,0.148054,0.0549771
mutationStddev,0.021,9,0.12078920000000001,0.0479835
mutationStddev,0.021,10,0.1085358,0.06876650000000001
mutationStddev,0.021,11,0.07795340000000002,0.0478008
mutationStddev,0.021,12,0.08784719999999999,0.040584550000000004
mutationStddev,0.021,13,0.05559005,0.0647258
mutationStddev,0.021,14,0.15244395000000002,0.04137955
mutationStddev,0.022,0,0.21553460000000002,0.08022575
mutationStddev,0.022,1,0.07285745,0.045699500000000004
mutationStddev,0.022,2,0.12148515,0.05339625
mutationStddev,0.022,3,0.08924345,0.07115534999999999
mutationStddev,0.022,4,0.310511,0.07646780000000002
mutationStddev,0.022,5,0.12483079999999998,0.059708300000000006
mutationStddev,0.022,6,0.07860639999999999,0.039103099999999995
mutationStddev,0.022,7,0.09498274999999999,0.08057879999999999
mutationStddev,0.022,8,0.8760963500000001,0.2264559
mutationStddev,0.022,9,0.15988,0.0873412
mutationStddev,0.022,10,0.14214549999999998,0.08613050000000001
mutationStddev,0.022,11,0.09293045,0.05539645000000001
mutationStddev,0.022,12,0.0714408,0.0574802
mutationStddev,0.022,13,0.27704395,0.07767160000000001
mutationStddev,0.022,14,0.18813805,0.04928199999999999
mutationStddev,0.023,0,0.11239695000000001,0.08254005
mutationStddev,0.023,1,0.1041739,0.0550281
mutationStddev,0.023,2,0.25588575,0.06399445000000001
mutationStddev,0.023,3,0.16156065000000003,0.05817230000000001
mutationStddev,0.023,4,0.12628855,0.07238175
mutationStddev,0.023,5,0.1448113,0.058923500000000004
mutationStddev,0.023,6,0.07888765,0.06234964999999999
mutationStddev,0.023,7,0.07779595,0.05616135
mutationStddev,0.023,8,0.1586421,0.04958295
mutationStddev,0.023,9,0.12164364999999999,0.06459330000000002
mutationStddev,0.023,10,0.11334685000000003,0.054429450000000004
mutationStddev,0.023,11,0.1703006,0.060609
mutationStddev,0.023,12,0.09199015,0.0891611
mutationStddev,0.023,13,0.15881965,0.05918765
mutationStddev,0.023,14,0.20803744999999996,0.09197945
mutationStddev,0.024,0,0.12552835,0.1060381
mutationStddev,0.024,1,0.0732386,0.0576129
mutationStddev,0.024,2,0.10423324999999999,0.056833449999999994
mutationStddev,0.024,3,0.0943734,0.06036155
mutationStddev,0.024,4,0.1079558,0.0801461
mutationStddev,0.024,5,0.1839121,0.07812300000000001
mutationStddev,0.024,6,0.1541954,0.05321714999999999
mutationStddev,0.024,7,0.23475834999999998,0.0849453
mutationStddev,0.024,8,0.13797725,0.0640425
mutationStddev,0.024,9,0.08967885,0.0579495
mutationStddev,0.024,10,0.19542425000000002,0.061296399999999994
mutationStddev,0.024,11,0.32405699999999993,0.12243255
mutationStddev,0.024,12,0.13561965,0.067084
mutationStddev,0.024,13,0.08854535000000001,0.06003055
mutationStddev,0.024,14,0.8694972,0.20170729999999998
mutationStddev,0.025,0,0.19494464999999997,0.09699545
mutationStddev,0.025,1,0.10835209999999999,0.05256765
mutationStddev,0.025,2,0.09205640000000001,0.06594164999999999
mutationStddev,0.025,3,0.08736504999999999,0.061143
mutationStddev,0.025,4,0.20583100000000001,0.08415539999999999
mutationStddev,0.025,5,0.1307626,0.07431265000000001
mutationStddev,0.025,6,0.08602884999999999,0.06533019999999999
mutationStddev,0.025,7,0.09642705,0.09401335
mutationStddev,0.025,8,0.09995104999999999,0.053489900000000014
mutationStddev,0.025,9,0.11368440000000002,0.09576060000000002
mutationStddev,0.025,10,0.11347085000000001,0.08173235000000001
mutationStddev,0.025,11,0.22376395000000007,0.08459915
mutationStddev,0.025,12,0.1466246,0.05672955
mutationStddev,0.025,13,0.0881689,0.06239605
mutationStddev,0.025,14,0.14169925,0.0674786
mutationStddev,0.026000000000000002,0,0.0858416,0.07372444999999998
mutationStddev,0.026000000000000002,1,0.13549775,0.06834575000000001
mutationStddev,0.026000000000000002,2,0.12104210000000001,0.11296015000000001
mutationStddev,0.026000000000000002,3,0.13830165,0.07472805
mutationStddev,0.026000000000000002,4,0.12339390000000001,0.06997744999999998
mutationStddev,0.026000000000000002,5,0.10107425,0.08349894999999999
mutationStddev,0.026000000000000002,6,0.09798740000000002,0.05916760000000001
mutationStddev,0.026000000000000002,7,0.6459067500000001,0.1554087
mutationStddev,0.026000000000000002,8,0.14145180000000004,0.0730861
mutationStddev,0.026000000000000002,9,0.12435270000000002,0.06137265000000001
mutationStddev,0.026000000000000002,10,0.12324670000000001,0.07750905
mutationStddev,0.026000000000000002,11,0.16395379999999998,0.0674873
mutationStddev,0.026000000000000002,12,0.18860665000000001,0.0995412
mutationStddev,0.026000000000000002,13,0.0853177,0.06511185
mutationStddev,0.026000000000000002,14,0.10932355,0.07675485
mutationStddev,0.027,0,0.07854465,0.05640389999999999
mutationStddev,0.027,1,0.0809713,0.08318445
mutationStddev,0.027,2,0.31928555,0.08094875000000001
mutationStddev,0.027,3,0.17442359999999998,0.07072395
mutationStddev,0.027,4,0.0803055,0.06492565
mutationStddev,0.027,5,0.10679199999999997,0.06603120000000001
mutationStddev,0.027,6,0.9187474499999999,0.22972065000000003
mutationStddev,0.027,7,0.12363860000000002,0.0737969
mutationStddev,0.027,8,0.12259725000000002,0.07171605
mutationStddev,0.027,9,0.09251325,0.048192799999999994
mutationStddev,0.027,10,0.12562220000000002,0.0644717
mutationStddev,0.027,11,0.0970559,0.14418075
mutationStddev,0.027,12,0.13136835,0.06432405000000001
mutationStddev,0.027,13,0.11991660000000001,0.06838839999999999
mutationStddev,0.027,14,0.09972489999999998,0.0635754
mutationStddev,0.028,0,0.09579499999999999,0.05669339999999999
mutationStddev,0.028,1,0.0715732,0.09039805
mutationStddev,0.028,2,0.1478129,0.08638180000000001
mutationStddev,0.028,3,0.21880755000000002,0.07275535000000001
mutationStddev,0.028,4,0.10222835,0.06872315
mutationStddev,0.028,5,0.1420388,0.060236800000000014
mutationStddev,0.028,6,0.12339789999999999,0.06287694999999999
mutationStddev,0.028,7,0.34198084999999995,0.0926894
mutationStddev,0.028,8,0.1249681,0.0713323
mutationStddev,0.028,9,0.12169585000000001,0.09259779999999998
mutationStddev,0.028,10,0.25691545000000005,0.12993995000000003
mutationStddev,0.028,11,0.11625814999999999,0.07204475
mutationStddev,0.028,12,0.19316229999999995,0.07527075
mutationStddev,0.028,13,0.10614349999999999,0.05254875
mutationStddev,0.028,14,0.0792139,0.045431049999999994
mutationStddev,0.031,0,0.12364795000000002,0.07789890000000001
mutationStddev,0.031,1,0.11175350000000002,0.07004070000000001
mutationStddev,0.031,2,0.07188379999999998,0.06806905
mutationStddev,0.031,3,0.12328395,0.09166490000000001
mutationStddev,0.031,4,0.15368305,0.08783425
mutationStddev,0.031,5,0.10751395,0.0627689
mutationStddev,0.031,6,0.11511239999999998,0.0910561
mutationStddev,0.031,7,0.0846403,0.06980940000000001
mutationStddev,0.031,8,0.19352565000000002,0.08635030000000002
mutationStddev,0.031,9,0.21777984999999997,0.08780580000000002
mutationStddev,0.031,10,0.15434085,0.0717124
mutationStddev,0.031,11,0.07680204999999998,0.07394599999999998
mutationStddev,0.031,12,0.1690839,0.08223685
mutationStddev,0.031,13,0.13257185,0.08814920000000001
mutationStddev,0.031,14,0.114116,0.06979159999999998
mutationStddev,0.03,0,0.1860139,0.09321579999999999
mutationStddev,0.03,1,0.91366505,0.24922085000000002
mutationStddev,0.03,2,0.08547875,0.053481249999999994
mutationStddev,0.03,3,0.11320335,0.06970265
mutationStddev,0.03,4,0.1882185,0.0692011
mutationStddev,0.03,5,0.1666257,0.07617245000000002
mutationStddev,0.03,6,0.13032895,0.0702073
mutationStddev,0.03,7,0.05985330000000001,0.05661510000000001
mutationStddev,0.03,8,0.26948555,0.07485525
mutationStddev,0.03,9,0.08694335,0.06660319999999999
mutationStddev,0.03,10,0.1350257,0.06137349999999999
mutationStddev,0.03,11,0.12972965,0.07432674999999998
mutationStddev,0.03,12,0.12647475,0.08821939999999999
mutationStddev,0.03,13,0.0975315,0.0683152
mutationStddev,0.03,14,0.10051459999999998,0.07077195
mutationStddev,0.029,0,0.1329164,0.07026655000000001
mutationStddev,0.029,1,0.09782084999999999,0.07545345
mutationStddev,0.029,2,0.13061799999999998,0.0644523
mutationStddev,0.029,3,0.15224195000000001,0.0759961
mutationStddev,0.029,4,0.1937391,0.08913109999999999
mutationStddev,0.029,5,0.14753599999999997,0.06379435
mutationStddev,0.029,6,0.12077765,0.06976485
mutationStddev,0.029,7,0.3704694,0.15321659999999998
mutationStddev,0.029,8,0.1480129,0.06730389999999999
mutationStddev,0.029,9,0.155349,0.06339815
mutationStddev,0.029,10,0.11759279999999998,0.06346814999999999
mutationStddev,0.029,11,0.1428642,0.07416120000000001
mutationStddev,0.029,12,0.0844848,0.06416995
mutationStddev,0.029,13,0.14150485,0.07035880000000001
mutationStddev,0.029,14,0.1300446,0.09765449999999999
mutationStddev,0.032,0,0.0784203,0.08081085
mutationStddev,0.032,1,0.13436900000000002,0.0774138
mutationStddev,0.032,2,0.15107874999999998,0.08017795
mutationStddev,0.032,3,0.145543,0.0885648
mutationStddev,0.032,4,0.10994145000000002,0.07722704999999999
mutationStddev,0.032,5,0.0932266,0.054684500000000004
mutationStddev,0.032,6,0.13008904999999998,0.06973174999999998
mutationStddev,0.032,7,0.09595459999999999,0.0890408
mutationStddev,0.032,8,0.1526475,0.0874664
mutationStddev,0.032,9,0.15649754999999999,0.0742586
mutationStddev,0.032,10,0.112662,0.06538025
mutationStddev,0.032,11,0.10062344999999999,0.06532054999999999
mutationStddev,0.032,12,0.11293450000000001,0.072465
mutationStddev,0.032,13,0.14357625000000002,0.09476135
mutationStddev,0.032,14,0.10737265000000003,0.0679864
mutationStddev,0.033,0,0.12426215,0.08183365000000001
mutationStddev,0.033,1,0.1230966,0.08167880000000001
mutationStddev,0.033,2,0.14101689999999997,0.06843460000000001
mutationStddev,0.033,3,0.16527075,0.09546249999999999
mutationStddev,0.033,4,0.11045859999999999,0.0628352
mutationStddev,0.033,5,0.2186884,0.09431025
mutationStddev,0.033,6,0.29101185,0.11141165000000001
mutationStddev,0.033,7,0.12585105,0.0825144
mutationStddev,0.033,8,0.20694485,0.12495825
mutationStddev,0.033,9,0.12722160000000002,0.09199670000000001
mutationStddev,0.033,10,0.5227704000000001,0.22102009999999997
mutationStddev,0.033,11,0.09555335000000001,0.06494055000000001
mutationStddev,0.033,12,0.11768275000000002,0.09367105
mutationStddev,0.033,13,0.1472389,0.09209835
mutationStddev,0.033,14,0.11628894999999999,0.07332609999999999
mutationStddev,0.034,0,0.10831380000000002,0.06970895
mutationStddev,0.034,1,0.23356784999999997,0.08128869999999999
mutationStddev,0.034,2,0.14625744999999998,0.0883802
mutationStddev,0.034,3,0.9185554,0.25493499999999997
mutationStddev,0.034,4,0.2411613,0.09071654999999999
mutationStddev,0.034,5,0.09655449999999999,0.0759896
mutationStddev,0.034,6,0.158846,0.13002799999999998
mutationStddev,0.034,7,0.11552745000000002,0.08498444999999999
mutationStddev,0.034,8,0.17314645,0.0787823
mutationStddev,0.034,9,0.13168429999999998,0.09161790000000002
mutationStddev,0.034,10,0.203601,0.05951329999999999
mutationStddev,0.034,11,0.12426295000000001,0.06920755
mutationStddev,0.034,12,0.10552640000000002,0.06752105
mutationStddev,0.034,13,0.18955524999999998,0.0792822
mutationStddev,0.034,14,0.17054555,0.09564085000000001
mutationStddev,0.035,0,0.09953360000000001,0.08479020000000001
mutationStddev,0.035,1,0.1039196,0.07500979999999999
mutationStddev,0.035,2,0.34058420000000006,0.11396600000000001
mutationStddev,0.035,3,0.4248919,0.1827958
mutationStddev,0.035,4,0.2595476499999999,0.1792084
mutationStddev,0.035,5,0.16695640000000003,0.08696835
mutationStddev,0.035,6,0.1149416,0.07640395000000001
mutationStddev,0.035,7,0.12609135,0.08651660000000001
mutationStddev,0.035,8,0.1287719,0.08194959999999998
mutationStddev,0.035,9,0.10097304999999998,0.0680803
mutationStddev,0.035,10,0.11646584999999998,0.08844389999999999
mutationStddev,0.035,11,0.15839229999999999,0.0962898
mutationStddev,0.035,12,0.09569920000000001,0.0688276
mutationStddev,0.035,13,0.09277389999999999,0.06692194999999998
mutationStddev,0.035,14,0.15659775000000004,0.07870100000000001
mutationStddev,0.037,0,0.10392015000000002,0.1209356
mutationStddev,0.037,1,0.1417851,0.108644
mutationStddev,0.037,2,0.11346160000000001,0.0805272
mutationStddev,0.037,3,0.13482685,0.1211783
mutationStddev,0.037,4,0.08755695,0.07305075
mutationStddev,0.037,5,0.1270138,0.10499935
mutationStddev,0.037,6,0.7712188999999999,0.24757645
mutationStddev,0.037,7,0.11242639999999997,0.09276394999999998
mutationStddev,0.037,8,0.12753,0.08419154999999999
mutationStddev,0.037,9,0.14448124999999995,0.0929604
mutationStddev,0.037,10,0.14156914999999998,0.0868352
mutationStddev,0.037,11,0.3012022,0.12419390000000001
mutationStddev,0.037,12,0.19624940000000002,0.09537074999999999
mutationStddev,0.037,13,0.10376575000000002,0.0693459
mutationStddev,0.037,14,0.2116151,0.08752819999999999
mutationStddev,0.036000000000000004,0,0.26372324999999996,0.08620944999999999
mutationStddev,0.036000000000000004,1,0.13374905,0.07322155
mutationStddev,0.036000000000000004,2,0.18445695,0.11911444999999998
mutationStddev,0.036000000000000004,3,0.11670499999999999,0.07874565
mutationStddev,0.036000000000000004,4,0.1113771,0.07582980000000002
mutationStddev,0.036000000000000004,5,0.11071145,0.0757859
mutationStddev,0.036000000000000004,6,0.57831615,0.19916190000000003
mutationStddev,0.036000000000000004,7,0.21294654999999998,0.12968380000000002
mutationStddev,0.036000000000000004,8,0.9031391999999998,0.19071315
mutationStddev,0.036000000000000004,9,0.12303095,0.07120205
mutationStddev,0.036000000000000004,10,0.15707029999999997,0.089334
mutationStddev,0.036000000000000004,11,0.11220274999999999,0.060297100000000006
mutationStddev,0.036000000000000004,12,0.14737085,0.08657459999999999
mutationStddev,0.036000000000000004,13,0.11849724999999997,0.09932174999999999
mutationStddev,0.036000000000000004,14,0.15056455,0.08170125
mutationStddev,0.039,0,0.11463839999999999,0.07639910000000001
mutationStddev,0.039,1,0.13207185000000005,0.0693947
mutationStddev,0.039,2,0.2583732,0.08773974999999999
mutationStddev,0.039,3,0.290959,0.0931377
mutationStddev,0.039,4,0.1296,0.10621565
mutationStddev,0.039,5,0.10514520000000001,0.10810885
mutationStddev,0.039,6,0.1476106,0.09330354999999999
mutationStddev,0.039,7,0.8040074,0.3295518
mutationStddev,0.039,8,0.09594559999999999,0.090489
mutationStddev,0.039,9,0.18603019999999998,0.08759609999999998
mutationStddev,0.039,10,0.1001083,0.0694904
mutationStddev,0.039,11,0.14126095,0.09729479999999999
mutationStddev,0.039,12,0.12713525,0.06901965
mutationStddev,0.039,13,0.11704060000000001,0.0992432
mutationStddev,0.039,14,0.1195036,0.07082684999999998
mutationStddev,0.04,0,0.15614615,0.11184494999999998
mutationStddev,0.04,1,0.12016525,0.0900273
mutationStddev,0.04,2,0.11156785,0.08528135
mutationStddev,0.04,3,0.1267488,0.0827386
mutationStddev,0.04,4,0.10065485,0.07034045000000001
mutationStddev,0.04,5,0.1485677,0.08306975000000001
mutationStddev,0.04,6,0.12047129999999999,0.07121345
mutationStddev,0.04,7,0.2749898,0.1024934
mutationStddev,0.04,8,0.17710910000000002,0.09857344999999998
mutationStddev,0.04,9,0.30009410000000003,0.1626376
mutationStddev,0.04,10,0.1334427,0.10314510000000002
mutationStddev,0.04,11,0.153101,0.07597265
mutationStddev,0.04,12,0.11489855,0.0807478
mutationStddev,0.04,13,0.12657665,0.09243355
mutationStddev,0.04,14,0.0918371,0.06597114999999999
mutationStddev,0.038,0,0.14828175,0.09427775
mutationStddev,0.038,1,0.1292306,0.08479305000000001
mutationStddev,0.038,2,0.2183014,0.08765790000000001
mutationStddev,0.038,3,0.8023723,0.3291762
mutationStddev,0.038,4,0.1314754,0.12186079999999999
mutationStddev,0.038,5,0.12638169999999999,0.11118739999999998
mutationStddev,0.038,6,0.12602644999999996,0.0853394
mutationStddev,0.038,7,0.11800805,0.0903109
mutationStddev,0.038,8,0.1350024,0.09049114999999999
mutationStddev,0.038,9,0.19707245,0.1015537
mutationStddev,0.038,10,0.17126144999999998,0.08768589999999998
mutationStddev,0.038,11,0.11216045000000001,0.07903325000000001
mutationStddev,0.038,12,0.11728464999999999,0.09641885000000001
mutationStddev,0.038,13,0.09696704999999999,0.0719225
mutationStddev,0.038,14,0.11747375,0.08200375000000001
mutationStddev,0.041,0,0.1579015,0.08353905
mutationStddev,0.041,1,0.16343630000000003,0.09335255
mutationStddev,0.041,2,0.32012019999999997,0.11171015
mutationStddev,0.041,3,0.14040219999999998,0.10258615
mutationStddev,0.041,4,0.1435333,0.0639162
mutationStddev,0.041,5,0.11255029999999999,0.08332685
mutationStddev,0.041,6,0.19836135000000002,0.10793240000000001
mutationStddev,0.041,7,0.166936,0.112832
mutationStddev,0.041,8,0.1137349,0.0882723
mutationStddev,0.041,9,0.14518854999999997,0.09763365
mutationStddev,0.041,10,0.108345,0.07777704999999999
mutationStddev,0.041,11,0.13951865000000002,0.09724874999999998
mutationStddev,0.041,12,0.12057910000000001,0.1064689
mutationStddev,0.041,13,0.08350215000000001,0.07162625
mutationStddev,0.041,14,0.11976724999999999,0.0809504
